{
    "train_loss": [
        0.22391872262542553,
        0.13484836036854603,
        0.13263628671460964,
        0.13192848774029853,
        0.13156967907351383,
        0.13125295723055272,
        0.13088103498708695,
        0.13064365334650305,
        0.13044936400144658,
        0.13040955011990477
    ],
    "val_loss": [
        0.10891916177102498,
        0.1035259451184954,
        0.10238855651446752,
        0.10186437091657094,
        0.10153660178184509,
        0.10121071019342967,
        0.10084214806556702,
        0.10057046903031212,
        0.10044989734888077,
        0.10046254843473434
    ],
    "best_loss": 0.10044989734888077,
    "epochs": 10,
    "run_name": "12082025_test_loss_vae(0.5)_ssim(0.5)",
    "timestamp": "2025-12-08 16:33:57"
}