{
    "train_loss": [
        0.2892977157409521,
        0.0710204799283058,
        0.06986861275707154,
        0.06942428402761196,
        0.06916687134257023,
        0.06902685192750489,
        0.06895351683364269,
        0.0688358781502602,
        0.06871370208310953,
        0.06863187517019663
    ],
    "val_loss": [
        0.05812569654413632,
        0.05685323051043919,
        0.05582643459950175,
        0.05571543425321579,
        0.05536652888570513,
        0.0552130751311779,
        0.055114924907684326,
        0.05495880065219743,
        0.054809347327266424,
        0.0547188190477235
    ],
    "best_loss": 0.0547188190477235,
    "epochs": 10,
    "run_name": "12082025_test_run_custom_loss",
    "timestamp": "2025-12-08 16:18:32"
}