{
    "train_loss": [
        0.19549879760659755,
        0.05873183652441552,
        0.05792601818734027,
        0.05747643808655916,
        0.05717157140532707,
        0.05701167865636501,
        0.05687569319567782,
        0.0567313108513964,
        0.05659122949347217,
        0.056402120897744566
    ],
    "val_loss": [
        0.04992170259356499,
        0.04808833343642099,
        0.04760436713695526,
        0.0472862853535584,
        0.04705858390246119,
        0.0469253451696464,
        0.04669939034751484,
        0.0465389330472265,
        0.04635641723871231,
        0.04619168383734567
    ],
    "best_loss": 0.04619168383734567,
    "epochs": 10,
    "run_name": "12082025_test_run",
    "timestamp": "2025-12-08 13:25:22"
}